<?xml version="1.0" encoding="UTF-8"?>
<!DOCTYPE configuration PUBLIC "-//mybatis.org//DTD Config 3.0//EN"
        "http://mybatis.org/dtd/mybatis-3-config.dtd">

<configuration>
    <!--读取属性文件-->
    <properties resource="db.properties"/>
    <!--统一配置实体类别名-->
    <typeAliases>
        <package name="com.highcom.po"/>
    </typeAliases>
    <!--配置数据源-->
    <environments default="mysql">
        <environment id="mysql">
            <transactionManager type="JDBC"></transactionManager>
            <dataSource type="POOLED">
                <property name="driver" value="${jdbc.driver}"/>
                <property name="url" value="${jdbc.url}"/>
                <property name="username" value="${jdbc.username}"/>
                <property name="password" value="${jdbc.password}"/>
            </dataSource>
        </environment>
    </environments>
    <!--批量管理映射文件-->
    <mappers>
        <package name="com.highcom.mapper"/>
    </mappers>
</configuration>